SDNN,RMSSD,LF,HF,LF/HF Ratio
44.560692568924715,46.799293937446095,42.583026718454704,15.571626471866072,2.7346550339742155
60.72973598932679,102.41614564917052,65.42513289186593,50.60218529554753,1.292930977382565
76.99378762818031,112.4824326677854,51.55125978224088,60.62579828294434,0.8503188616444763
31.516375108822395,7.891827193676348,69.57031042401752,23.764088753471697,2.9275395806562954
14.475055555448943,9.986613113141606,44.476430562198445,14.993630000625366,2.9663550828147276
12.733968570542162,9.540794298843405,14.822404434577663,21.47287353148929,0.6902850898293177
9.575758745684624,5.9287858514404785,56.273606217436296,10.049257717720637,5.59977739631502
18.07089618388886,9.28695276389387,63.34241565123034,13.702134510359201,4.622813737767768
13.197684982181112,7.92692376659053,9.066190008241174,4.752119019998669,1.9078204838909345
24.148360882952975,6.109097333822216,10.869370051427355,9.698611540318558,1.1207140327501295
13.655450275337765,15.17930733720937,9.121497643084988,1.5832184022389968,5.761364086082699
10.805868261684893,4.046138586132954,6.204896661629143,0.6751258564106519,9.190725851647658
8.220204782526203,6.083037438780511,6.685037231242174,0.8572596266682525,7.7981477527684735
5.635952054050456,5.259487366451177,8.980682451871845,2.436268925703306,3.6862443046098807
6.038081925026634,6.029193193832976,20.911412289850627,1.3450941335899311,15.546430370668567
8.598456579849406,5.829804634254788,12.909312724168618,4.412748862887799,2.9254582858178977
21.875989882364944,7.09090519291081,20.90811987541348,4.183146197965517,4.998180528708797
8.596781697563081,8.900227346688537,34.59780509600198,2.013733056771768,17.18092920988545
7.8835243105831525,9.215553233782673,27.230777732949225,3.2299678103585205,8.430665360075727
12.632787587156772,5.2234357406265515,2.61977635919557,3.1205752790487167,0.8395171162139657
6.944923005732717,5.439850479944018,24.014561157938424,4.870029170283266,4.931091851456325
6.084014573727888,6.272784556076872,9.980202910764117,3.6128190444634942,2.7624419568033423
9.8125650740942,5.864124816732735,17.66877924954715,6.305332202704759,2.8021964079811505
8.93973651115562,5.834392323049952,20.113066966267304,2.841949844431631,7.077206871076843
10.34829239805078,4.397475712512858,19.706907615643793,16.724183315074487,1.1783479793527976
22.413219313610437,7.039544299632491,12.200418063364067,1.3547225423700064,9.005842659132373
22.32019613613544,8.176154250487157,70.92363569180347,17.569097731297667,4.03683995481793
10.11435942937894,6.184996410832159,7.7322707902535,3.2243099196874847,2.3981164909243424
7.391117792473763,6.917091429651183,2.1605454543719658,1.908864217051897,1.1318486852400493
473.9818539775547,610.5274680943184,23464.924951115943,40524.704503566274,0.5790276632134597
11.461384442262347,2.7150022943257306,5.239694952955788,1.9437503408163646,2.695662525648816
35.92830809017065,46.430622175298105,45.616220720877855,3.9784625152941375,11.465791256174581
34.73423079454746,45.478136170749316,179.63311205834648,376.7880575956423,0.47674842245431087
15.323766580779747,17.997491463997296,32.07772892684335,25.223096488763126,1.2717601481298682
16.53226609458674,4.380711751702572,218.395550943032,42.402038754367155,5.150590805507873
21.188420317606393,3.977781099421685,104.26825637615858,16.19529398263847,6.438182381124743
35.27061981624681,46.253590658774066,46.45226105684941,118.47435859916524,0.3920870440329753
31.48441078092811,43.56972653384588,96.00962063431847,179.7815867497554,0.5340347828165394
18.469459475938468,22.296797016402053,123.3207468266051,20.795676102328276,5.930114809433782
8.835531801890717,4.108071832454005,15.94330688439922,7.438325593662293,2.1433999740456993
38.22201285472374,49.21507640773707,148.80944683554165,249.9973079407578,0.595244197072735
14.717036235450248,5.728821693272626,36.56440250517946,22.53392066404558,1.6226382905270664
43.62089853371763,50.12946449646496,204.10514122431772,459.6754299346907,0.44402012361921617
12.488040501037606,3.9461254864125963,85.96536227429397,15.02914515085292,5.719910308366098
13.424469780549579,6.137771647974173,47.69885440843202,12.58717371855068,3.789480901350759
9.085580150252744,3.366170476807401,27.949643161580486,4.9698893480251085,5.623795864325807
43.76951894742378,42.6954682610865,248.264150277628,479.0460443537662,0.5182469476656189
7.908282577989568,5.226956115571826,12.918255562720894,16.63964671703514,0.7763539564512265
55.49790826889083,70.9929573971954,114.46808856569955,55.98925206774584,2.0444653989518473
15.2497180301801,5.213822636827447,113.13734713191502,24.720285612347467,4.576700646023457
10.708737865251285,5.384854270859579,7.137862223932588,9.946326201708947,0.7176380584326887
9.90051121014578,4.860598529008611,6.744110684032964,15.86011414981932,0.4252245992888893
12.587815537256654,6.273850812170937,15.1390530373433,18.09030057908446,0.8368602263495104
12.808283344079419,6.046918007655169,52.2525153463749,16.54446302871136,3.158308326821824
17.2549751279643,5.495513524350665,84.22819280656519,8.885907308551177,9.478851160816168
56.47678962783443,29.3933648918519,508.7563745733778,130.7196018931868,3.8919669828025585
35.85408329449923,48.99747451003168,31.735231790546596,24.756293647672546,1.2819056132633235
8.621870768896711,6.164956525654556,12.163820672046901,5.516007307899854,2.205185742706732
36.33732455142447,28.53877254651185,165.15731959558522,231.51336558915025,0.7133813599715784
47.6648829503091,62.20026454685701,163.0063902275536,278.7299157192653,0.5848184246994586
13.912079483512002,6.039446695514405,96.58613227735536,17.41396407515193,5.5464759121201235
29.727304882137492,6.973672420139289,122.49255540334923,112.0603157304417,1.0930948623953731
25.839774680820177,8.549873358603655,70.0980296720375,92.18762751385921,0.7603843548473918
54.608430260863166,37.478421885445115,338.15310156381935,279.4117631282783,1.2102321597984147
16.504253997076027,4.247761558853035,109.63450005836486,22.442847829991887,4.885052952676215
117.83025545249403,117.37597880885932,53.251632124795655,6.817003630182459,7.811589228003736
10.26654707722557,6.77221354168492,21.272549977521223,3.4010154148855634,6.254764351968395
44.90271657211348,56.881235186904654,44.762176178995674,5.562495576871023,8.047139195061614
32.799947662559866,31.336398958169266,124.40634988546776,566.7998373781506,0.2194890359548001
15.080808628481728,9.028568555824565,21.589060531397426,2.6246903643429094,8.225374247831416
19.13800494652808,8.570970683740464,25.585305307655553,2.495984524431321,10.250586514948383
13.501120941116952,7.7039710908441155,31.338920544795172,3.5376304267518885,8.858732191980076
8.241585607959994,6.474803234313527,21.555291652908448,1.3339419502456853,16.159092716844533
17.56872220737752,5.985489700644529,8.930121662559724,1.4765969893394726,6.047771820633634
24.29271015483177,15.750564039377396,30.473258895986582,2.2202040704060457,13.725431505227998
24.350924007109054,8.051672586371547,6.224489652498137,1.9585199463510783,3.178159948840446
7.839837725077959,5.9933073041077725,18.719436523533115,3.72333912490809,5.027593752689718
11.10138880200731,5.1758378702257355,9.342644033554834,2.257568619910179,4.138365474767515
23.446776371651225,6.534958731218515,3.709536364253732,1.6599074536459129,2.2347850514833825
18.5803154500192,8.57857641127869,11.679657670008446,0.7682394208805636,15.203148071497173
10.309210552812578,7.360747380985776,44.932436773630066,3.073560777565825,14.61901684248304
15.247026668246574,7.404463988468155,23.533384787640273,12.682351623279587,1.8556010341522662
20.684532868788697,6.778137193411552,17.75620029293834,1.8998589395953822,9.346062448573115
17.997407220671167,7.232636918116218,47.725040821487866,3.183029346118503,14.99359120885437
17.588980135932335,7.973828428009416,81.00652685144533,5.652743048506926,14.330480999457741
12.368743760876537,7.522319075985574,20.60831313505203,1.1605377588367094,17.757555045610257
8.249751511409299,6.4390634770545985,17.104532736433494,2.6056808206703193,6.564323842255285
12.429300060743566,6.768014484831547,65.62952759193584,2.968783259461581,22.106540577784862
8.532111891749505,5.619781116674483,11.776291711305063,1.129228976661987,10.428612756746562
15.924633608204479,6.594311930199838,8.63857856100672,3.578227201775158,2.4142062741910637
10.71189318260575,5.53100110686548,8.460884049468758,1.031835144074636,8.199840932009149
7.915947335740822,5.9849309096522605,17.59147264261319,6.236723076888574,2.820627503536579
447.61377621288153,327.218106105409,32.34021517637097,2.047934333361214,15.791627030976102
239.8907951547954,353.3029009211941,5013.663064983416,11190.062100949857,0.4480460447630435
158.09343425821186,168.9771214056164,1564.0697322159908,1218.956739130194,1.2831216088374537
34.02226460553278,29.825972385867686,361.8438118838948,75.32463713693986,4.803790972481743
79.90859354426294,80.0065632759218,345.451496706929,556.7224671448732,0.6205093508773983
36.62416855332312,37.430828065006885,178.97020223898625,222.55559026131047,0.8041595451673487
38.71488717391397,15.715914435857174,277.8562473033641,177.37113541852978,1.5665246019186094
39.28678191622894,17.886206639750817,432.0240498328561,182.24828632220485,2.3705246208409423
35.323846996988685,15.368821324236972,385.9548374693304,144.698481766145,2.6673039879788982
18.99422017351594,13.653377447322825,77.11164476096289,39.865746237121066,1.934283239107167
22.409048519639462,15.737393425833417,95.72175339667658,80.05373403539245,1.1957187825162179
27.391980983897867,14.546431253312884,84.46232614718001,56.338130614353865,1.4992035629535183
28.838712215045632,16.874809549278318,414.1063550174035,176.15519850162374,2.350804055399968
85.31301965246702,36.69315957867652,580.8732397348101,164.2087705668244,3.537406910299137
54.15467559582356,20.50931756600915,2070.96034289064,264.2981490652231,7.8356974886705375
34.24534745366474,15.720701899960599,399.6300882068408,69.03854651630137,5.788506687528253
50.01045712870681,18.63448811095144,1683.8252817775376,426.69390259676555,3.9462136007337953
33.003938485513444,15.885038500442331,384.9868112853932,343.79427787993643,1.1198173909684512
22.50379202613541,13.214464558906476,87.13024350440178,164.719616934006,0.5289609405740059
38.56511895482756,13.025572994669558,335.9510725824098,55.25934184508512,6.079534452730547
24.53385212313794,10.353775586534656,277.8722200244034,64.82051390674229,4.286794461768385
38.888971730070494,14.482719491849542,263.888042606709,105.28454775717358,2.5064270895225356
36.071183327784894,9.006500810869186,147.87973202619796,9.581866824167111,15.433290270035888
33.55822055274485,10.358942624983127,185.36677407301022,159.079319233377,1.1652474687867396
41.66873208214204,10.137845911851366,120.16824536940905,59.57671853288481,2.017033638787596
30.409248593150075,10.892450823842758,92.82639725654764,37.07000234015689,2.504083933007779
23.19044918351806,11.187516932593079,61.158546915492934,21.7238057457634,2.8152777478881728
32.550680313764396,43.16949560940652,23.044824649118144,18.02963698845735,1.278163540612134
28.16038569022488,6.644836051690527,27.01036461722056,30.8520172477764,0.8754813145700313
34.18643720671823,29.52454905084104,115.35067115951504,634.7187784101524,0.18173508502213553
40.66724193582184,28.97727168398522,435.29079648431366,278.4343678577278,1.563351535349024
29.53560939310754,30.32400287728637,77.80003341749267,198.74798144580186,0.3914506846888836
28.480741836468297,29.174655698346413,46.04231303173593,107.76022935760743,0.42726628651598664
45.98051217635576,14.384007284197248,834.3552920441359,138.68752669388306,6.016080262832577
11.558052027338633,4.652470843523125,16.549675390177235,9.94307772391779,1.6644419212742814
14.931045583689784,3.420868477027982,15.550311362457407,8.529369024935743,1.823149088402182
26.70765599765148,6.029193193832976,53.62529145233468,17.82502514637374,3.0084272539297943
34.36521238436076,17.425234460018668,343.11385512312074,699.8569026061398,0.4902628720891759
48.384792261848375,21.80370009408133,594.5554606325818,846.0133891083349,0.7027731100795226
57.97030849207779,24.755932365616328,260.2252168373701,189.248729003222,1.375043405617481
41.526190397011966,43.33539571457875,216.88833222539236,723.0262981597674,0.29997295088354653
34.3904696100533,39.53365274037621,94.30217214602689,432.9946952057934,0.21779059464275197
37.04957924487432,35.37789306510144,42.059486894648536,349.65273329071806,0.12028931248101601
51.02285882055437,26.606383924762106,530.2359289567266,138.61612152455737,3.825211116318743
14.843291039688228,8.350395019995554,85.99966430046273,85.25768377257161,1.0087027995021585
32.3913175952377,11.956582547732266,37.30302970906773,10.060418017195081,3.707900570861974
19.802595508894505,11.609591237233643,93.66416928187701,125.48693810424349,0.7464057271368679
39.082876472098796,11.876031903765845,179.5604421961662,53.08402465604117,3.3825702433007123
47.5279018635954,38.17167697491064,292.44114008943484,515.3188871351786,0.5674954817107676
42.35511919735585,29.56405663666699,351.8690569716603,445.69766478582727,0.7894792474193133
52.627263741229115,31.444328890882584,617.7888452433326,311.08428671132424,1.9859210883789187
62.262965985675095,37.202060575145424,107.61633647098921,958.807804827719,0.11223973765036882
48.29103563004445,21.68326266037153,559.1278185264315,398.51356958459667,1.4030333248357294
44.542373708139486,15.622747329253981,415.77166234032666,62.29156990109239,6.674605616787247
14.389388065129415,3.95163062739733,105.33396834407912,49.877202906970396,2.1118659869629255
10.704555105187698,2.8677657274537838,9.508796459531965,8.441823200414287,1.1263913296674248
30.930413655314872,7.386827288579608,64.81159842418597,18.769290231601147,3.453066025643587
51.15198660202098,14.297367440164065,390.58477213053413,438.03324061948456,0.8916783839923955
39.543183005699255,16.757766631473192,297.8027983071564,679.6638851093247,0.43816186917045696
45.980878151200585,17.414194802000083,192.53131728523215,945.7054206605164,0.2035848722858763
69.10377863924825,25.633707428340113,1325.8548112782833,1160.6203666527033,1.1423673488533772
51.238515352765205,19.29172279921814,366.3334502027523,374.81011674567634,0.9773841042058217
42.12599144893276,18.12129330105912,47.923485690101614,698.3874979660785,0.06862019413244037
46.6462663743484,20.198927088298394,677.4440889584129,532.4619401004968,1.2722864076079357
51.56164325887564,17.447580353753036,1423.1563923821677,920.2486833649871,1.5464910932317177
64.54107701473708,29.12681303298035,534.8578174587685,1279.9625300012674,0.41786990237771954
80.08035020458445,20.12751988835652,1154.5854690361768,376.80407931412316,3.064153315796922
44.66470779286731,20.893262744091587,1318.6501590868788,703.5655812483233,1.8742391530114684
36.68154531459473,16.335938181022254,203.48414050318786,753.9707276068127,0.2698833430166039
24.419005348748797,10.074305871671092,106.31726317557965,173.1739246844987,0.6139334392823657
30.3019661994986,11.541404307012488,236.15593042455663,378.1524756111502,0.6244992315411761
34.05559767987244,11.348537247542648,155.9601396635149,90.58026812591982,1.7217893354732345
23.562648408020692,9.426533391049716,136.85188808173356,87.44665451901106,1.5649756852845835
27.780908712439356,10.615190730622396,390.5667268364274,386.5614861268469,1.0103611995848605
42.05235572738134,10.087079055881274,352.95221724469485,151.23424974556212,2.333811407392868
23.18462038124028,9.007614764510047,110.41372867543718,207.8267214620402,0.531277825578384
33.53921270526321,12.966641017018016,283.72616873300706,182.05166617654663,1.5584925680265977
47.53483529651351,7.97781204026723,36.73121241262762,120.70633995636707,0.3043022630452155
70.11847204711626,96.85768617532352,129.3056743012462,420.8112253836148,0.3072771506591112
29.758558806202668,13.152692159280141,357.17352537448807,309.44514059791845,1.1542385984292645
27.27597640578406,10.449112234457735,131.803139661964,182.46475920939037,0.7223484700994299
47.633739093209975,21.138814969807537,104.24247513075471,451.1967081884997,0.2310355400181789
41.558871763105195,22.616772418911356,473.6451569946125,410.44258024033047,1.1539864034508174
50.66248184472082,17.154033623763752,141.85740340800518,533.4655103723615,0.26591672872907574
49.41406671069372,22.474139728179566,639.7558445947777,1963.1802154076552,0.3258772880725737
39.07658918357924,18.65251693364373,294.0569097523482,324.5289145414764,0.9061038834330624
49.28872882200238,14.563205571636319,463.0099445839668,224.12595435527953,2.0658470631652666
64.47838190690996,9.537638868396439,308.9532407049161,97.14218611505159,3.180422976470834
12.093136712844833,6.918300098592183,67.8404529419709,57.46009642774988,1.1806533082880089
54.23186885955526,19.128329163537227,271.1704410107128,471.07607069027745,0.5756404493511232
12.276558964139747,7.295483552689193,20.5624106792639,3.4234259959268716,6.0063838691792
20.257588701521215,9.258459026487643,265.8475385040749,109.11721787562408,2.436348210482217
14.670900525265045,7.771614588426062,70.02857776661735,21.356144248517545,3.2790833847022007
10.031727446235546,7.018847059654651,8.435049795057635,12.175128406204882,0.6928099247609439
15.708000792236065,6.3443546654014655,70.97709074662369,59.83866587179113,1.1861409293231484
16.78192943482827,9.182286276897656,3.0394030689270526,1.6156827683638713,1.8811880205944873
26.947778923111432,5.515863410553202,17.26796734814563,12.598697349884276,1.3706153000257795
15.579894094633634,8.042737017278197,27.80613813196358,8.318155298826307,3.3428250775610104
17.1321997030932,8.13062257218789,31.190775209346107,23.21017617872269,1.3438405193123617
19.085141399062838,11.200812201797381,39.8434224488252,109.79275911826379,0.36289663151563273
15.360271988332615,7.3587024448771405,14.238353357102353,13.238166562635143,1.0755532716509435
21.645891578362445,8.86954882285848,52.355425510699156,15.339276983962785,3.4131612308348536
45.57332004583383,54.7196870162576,40.59188279101161,38.68198398597367,1.049374375567977
17.258330999516986,7.481079814033967,34.22934059741165,52.296882551228364,0.6545197137493172
18.776733830284044,9.631331258243591,17.503678271980597,48.85085387061891,0.358308542944591
14.782741814546974,9.860566374745886,11.141111642279562,10.772089777385636,1.0342572214417143
9.674178116110031,8.383572086912288,20.645109672652534,7.548567503724459,2.7349705308280345
20.267457221423268,10.71709789499797,161.71839103821992,29.09645478010975,5.55801015142127
17.44687523757637,5.34996014738384,277.5529304378368,59.1883759838959,4.689314849817031
8.57169502231359,4.80523683114001,30.712758573247566,21.717603817433115,1.4141872570948124
14.107200289214015,6.719661163618754,141.71238883807916,21.722624274116047,6.523723241254
15.72203831851611,8.150958660814139,116.38081013652477,67.59754152853269,1.7216722310440955
13.792147121540657,7.158968928581918,14.092073295710248,11.800941942375399,1.1941481760119286
16.036154983869004,9.213919962222057,84.7812111382232,13.57320039171825,6.246221133665192
25.800062661422615,10.940550816751095,96.05687886625688,5.86635723490286,16.37419526631461
34.45291408413646,48.47448730757697,45.50462563470353,73.38796172666046,0.6200557225473746
18.310244855453643,6.784548646332206,70.73876525568627,70.26540937439027,1.0067366843160885
40.62598292827989,53.32951142939206,14.684135556339458,2.354627166918237,6.236289023861992
17.972911716123114,2.935197542821371,13.701817295415108,2.646977342575619,5.176401427782026
15.145103719244272,2.8231010725002106,16.52783720611958,1.1193436197521542,14.765650971217566
34.1163856037926,32.84803359467335,39.78609814182124,5.31680799948497,7.483079724841531
9.097899024866491,3.89751657488522,8.75386817104565,1.7753475062628614,4.930791374739191
5.250608430352513,3.5804186896662014,0.9738053649191118,1.037610659249828,0.9385074798895704
15.060690555216915,3.2136831202413867,2.544440307884167,0.9257586021063379,2.748492211787083
5.878397362849466,2.920347255660786,5.6338561564220475,0.21170914249144046,26.611303083662662
19.272601162156487,2.8990830057532833,9.996327503691306,0.4512412459136901,22.152956083281726
31.206847361151723,32.7756639468553,31.307655367055066,9.412063876429588,3.3263326490439673
9.346326669992989,5.063476669900047,27.119648015055283,6.434987805734968,4.214405502196259
25.569129824849337,3.4374486922288288,24.65715426724382,1.213337416071864,20.321762059452897
20.258390854162133,2.6362535492474417,10.738875975903506,3.4068790696157616,3.1521153984237746
12.42965763361521,1.8187062180825984,12.021648539764936,1.38376840258294,8.687616018204595
16.211618261810468,2.2412968056992044,12.96718802601902,2.829140994403408,4.583436474771192
14.764392601420788,3.8482937191039595,5.576089102471486,1.7270121967810799,3.2287491153013113
21.84349483637329,29.775245043346064,4.460609805976173,2.5975876935790883,1.7172124032625509
7.210350584788201,4.714596986929411,5.101888053053816,0.9077912012979681,5.620111811790079
19.879228690604002,3.7505852386137053,1.7592011201617872,1.652429946144076,1.0646146447943894
21.20471095456542,3.3547251157146527,10.888597807535144,0.8831489375690933,12.329288237051491
701.972410632276,998.0070508661727,478.28689557965356,367.6792995613211,1.3008262802673378
15.683988650850267,3.8966583745940975,48.82812509566438,8.491428660734107,5.7502838505202805
11.69074847903247,2.6184322200450216,17.0283048319917,7.048419776057926,2.4159039008762573
7.261982435181793,2.2368157013051726,5.767186246240936,1.420078695103886,4.0611736984189015
10.438651998967854,2.2987563891058245,11.874053557844755,2.247945687685448,5.282179913372657
52.351574209590126,5.887177836302738,199.13276863207304,111.17349134283967,1.7911893044537235
41.88784748189702,2.767465063240037,78.4851015925896,1.9416422846863393,40.42201913895195
24.859876418750666,32.4331058413321,7.028038912450585,1.8073535262410585,3.888580076011764
13.095500075301524,4.061401639531847,19.9532452563637,8.01896282926394,2.488257606525807
16.210402695662918,11.23465136550075,25.442274658393067,10.514946296782977,2.4196295387811038
9.485413362983538,4.211387651733958,10.33769397113154,3.877106128547302,2.6663427897974334
19.30125039127431,4.541889754475115,56.73150998235049,31.87948266341323,1.779561813512705
36.88270823389555,5.069747640378537,33.88275148220435,9.951480565709817,3.4047950210499724
88.4761697985521,107.78245152244075,507.5586038792055,1143.053403542435,0.44403752467402785
15.674793636777345,6.120309957831639,59.7896664150016,11.971161951831997,4.994474776598586
36.52501410753396,48.76823902012195,108.89027965638215,7.683951812764567,14.171129948458788
11.776824699383106,4.840257601149442,10.92700890879338,7.178767563736437,1.5221288071773205
25.549911719786603,2.674667484725186,27.535995388151736,1.1201862578577226,24.58162220344712
8.126352195173428,2.448123983132655,2.2449881835468517,0.6327234527966237,3.5481349294451685
52.84337444015307,40.55769250591905,306.1624151033799,66.7063128034272,4.589706764419605
15.150357531534803,3.855240103311414,76.83189579568582,8.906297114006522,8.626693541904846
15.582484468858688,2.889839194239339,90.51873117224748,29.043247750941692,3.1166876359174576
22.439616504942524,3.986599627330134,92.82833972563495,17.370820378488702,5.343923758522636
31.798567403090487,27.59574394018107,57.65136023446571,416.6630140912253,0.13836447749077957
12.737967743020164,4.718142596956708,53.27273314575706,13.712773859223121,3.884898394202437
32.3080272103114,3.5682546814334746,58.7171149224248,12.883455593401047,4.557559460405942
8.784538816706442,2.8076579463696625,18.04542819379874,5.496977458401623,3.2827910120347994
9.126320908960706,3.1367921325684214,22.572050214935174,14.053975083265332,1.6060972131516498
8.920386140122462,2.292199948086268,16.069733645848796,1.400481245619106,11.474436873836824
6.8752567628820636,2.6970812912551962,11.112917558424966,0.27221522723714575,40.82401146774837
42.57694785783604,4.821218430769409,141.34353373527782,10.506897771206146,13.452451600188377
52.76363172994571,48.78503800460104,45.03968436836865,12.894491144548631,3.492940036444164
39.29906642939781,37.9308030418286,67.6453018415209,249.10212553652065,0.2715565019600906
23.03765034315204,4.304854535899075,131.93768413994002,49.27143589255434,2.677772257899182
31.09414718060119,3.8561075215029086,14.785967881613896,16.056326138317864,0.9208811377048264
14.439450589732745,3.363685667672146,15.267595878207288,5.358623611887802,2.8491637002339543
18.845772882945276,4.088077125243578,59.94791764956054,17.87615944922815,3.353512135524666
11.104719217021602,4.836455763038269,19.47573155770148,26.908609408292644,0.7237732452907613
14.357914967787705,6.1323202110268635,58.77248462664162,54.18074890421114,1.084748472756411
14.631554941290416,6.349624063872471,107.81535935081172,85.9485694365972,1.254417148040437
17.038282059983498,6.183103527418026,98.26762562455045,132.72114996978112,0.7404066770588162
15.052428375514696,4.802800186568979,46.54880721165363,29.709013020372257,1.5668244239461566
21.602853720952908,6.234546111577916,62.85049607710004,28.26892304367116,2.223307056303689
12.329658912106567,5.728529786228372,58.62939646965461,85.51778566265958,0.6855813210707875
16.810008592766657,4.6961166622738,133.37906595761456,29.95472194275067,4.4526891690908705
63.97577631850633,5.49155630358567,294.7937479166928,112.71161278868028,2.6154691661576432
12.586314878558467,3.02000022148884,22.482531583528772,2.5614216879772806,8.777364417993555
20.743419572374165,4.222491141272778,188.70099067455482,97.93132310272642,1.926870634399724
35.999490582815504,3.725982171698183,184.02217329712647,32.44609716258773,5.671627387879332
12.428111503987866,2.9237809396871017,38.154002785957495,16.640948532645663,2.2927781256644257
14.540219698783401,4.4387319289549065,72.61262114666835,64.98400722845597,1.1173921745298567
11.329106564754149,4.908187140212207,20.73161415956732,28.73797048503757,0.7214014702381728
12.691162279318629,4.121482994454617,41.63901721349371,39.811586306563235,1.0459019867447283
11.18679578789208,4.279921232044856,37.22365825207417,48.059046080644485,0.774540097812424
11.437102877137297,3.974837242413698,14.826841280670346,18.968263376797072,0.7816657216394032
9.536001374906686,3.7984330513364255,26.516735574438435,53.05505384689297,0.49979660092252115
57.856598202413835,3.9201904260620593,423.02680555518896,4.504284258640939,93.91654284333006
24.486586804479984,9.327020480131331,72.96876746558864,143.46828217098266,0.5086055702446197
27.63915982000096,25.663437808169412,136.19490250625466,409.33756071466837,0.33272026702966134
34.804002962622306,42.257373542721474,100.90998775901082,307.0033350696743,0.3286934577961811
27.046095631142194,5.1687250907303195,17.168569970611795,25.767471856476696,0.6662884921826915
19.514417462196736,26.913586478277953,5.122772656201617,1.2747315503124172,4.018707040667585
18.791835993324334,5.086542017814918,62.59506478804332,18.434969390552283,3.395452602168279
9.642662149703956,4.520484775850446,24.269836305929953,6.934141319061054,3.5000492763560103
8.959826387206892,4.611313700760635,6.147740104121084,7.18084559116413,0.8561303854918898
23.96088386423914,26.79658291997864,37.303673739037336,22.05140586545789,1.6916687292700527
31.46751746731152,38.5508828506154,189.29872264972036,166.50085449707032,1.136923430342222
17.12402470864318,4.932317832147926,24.977900118387605,10.818297206791762,2.3088568968789653
9.691017605092988,4.447388471231946,11.509983752785693,13.136103697832153,0.8762098729994939
18.037496746746452,4.256806471733551,26.60112663721781,3.0890305515106466,8.611480590313004
15.249699450590276,4.483712627919623,4.2269885610130125,4.981129702360659,0.8486003805541856
10.267300305121866,4.441744813692763,26.95865524599547,1.9509350827477627,13.818325112092397
18.472373065382442,5.170989309095757,19.747617122244186,39.106822738820014,0.5049660325036173
13.151976615280644,5.684868138533062,13.497930614612912,25.818494100695567,0.5228008481815083
31.25762129287654,4.0745560112683705,17.360950114277497,5.753573275979926,3.017420528344735
10.88534743997126,3.8361072799838576,2.082052655707969,0.307179655098842,6.777964038790334
27.250641378792455,4.492654726138468,5.821804843677997,3.0788567419918955,1.8908982559258425
59.08757756265035,12.376885350115337,85.69331609767434,121.0168907322843,0.7081103768171222
62.698049854485554,13.551709465282899,184.37400166533945,489.2901039336254,0.3768193964747562
22.421340033300616,6.083587218476945,45.57681673517863,20.878616296005003,2.1829423985295175
14.23075659736099,4.81045405626379,47.53754845889501,16.309766899413837,2.914667557916078
8.172408865607904,4.2307996350382115,6.633482803098758,18.92823607165532,0.35045435707727013
68.84249938971001,55.12748981932031,328.8965160784577,957.1468227727361,0.3436218020613443
43.91491002179353,16.361918426087442,712.8831532993322,713.7562750250771,0.9987767228726441
34.353007954989266,12.665493109984448,189.9114563542808,125.3967047722018,1.5144852227120147
124.96484021071244,15.37610968886082,215.1054642662855,205.08658790534625,1.048851933533378
69.84857431138687,24.443026376894053,363.1212708481867,594.8616083604433,0.6104298306441747
65.81045374575548,30.904805830345726,1079.875281503452,2077.7723034679025,0.5197274406348992
38.79200433078962,14.465158231958103,84.25588186229592,217.51253170160854,0.3873610462953976
40.371885019156586,16.116320484315807,382.8540519487615,582.07365615715,0.6577415897437512
41.98529848517084,19.119759867511526,256.2011935924538,1474.5787602047383,0.1737453437596521
61.21973864694294,50.9024577075498,569.7278128236559,402.0410733983195,1.4170885775623274
15.88866647085973,6.763318336171081,68.58578545282856,41.4115258579956,1.6562003942577799
27.720698043159015,7.981793664354801,242.2995119694957,73.04911998695304,3.3169395060853804
12.110142672799341,5.698970158683516,31.52478770530248,38.59285356938787,0.8168555779018157
34.025329617147804,52.62329049328954,79.38250849280247,193.82647938919612,0.40955450846014413
32.76907264818799,46.10403387773494,18.16897931229168,28.79157321969299,0.6310519808575232
34.123776494142945,47.92657427502127,85.11096832165123,193.27679020388268,0.44035793553830166
9.42641442378219,5.377085035431453,13.203283299392341,1.7067235327912136,7.736041043389961
11.365661734657895,3.810739971506162,14.743811465584233,3.013503012107112,4.892582289232561
8.640167179452542,5.161602509708339,37.0158301585031,12.400831489137936,2.9849474360590893
5.386083920623592,4.208607202144172,4.522886901436686,5.147830549757025,0.8786005789662529
5.382740937477858,3.6175898774929047,2.023486217014383,1.0849423151129665,1.8650634128909365
6.14973892851468,3.4616871019740136,11.180148961612359,3.800570229561672,2.9417030304165146
5.094437053187416,3.4442526408758987,3.5140284639836636,1.1146964062044622,3.152453389482899
10.335303038077253,5.4634694405440944,2.9727067509316116,3.678568648636044,0.8081150672650476
8.559056931435586,5.616506966226628,2.4770180573806067,1.745628789876652,1.4189832751072096
6.676175718345213,5.770122562066676,3.0614954997341965,3.423113978701908,0.8943597901741963
11.25317535434135,7.221761984020669,0.9213472188573224,0.9603443519942485,0.959392552206982
37.06906107374301,10.343595436558022,10.348119986093561,8.617405855854118,1.200839342975091
5.72189848059385,3.6894498416131456,4.128451249247912,2.510609697059231,1.6444018574785713
7.267993762609687,3.9414612844548134,2.2184207782976744,1.750730948338389,1.2671397512011584
4.121757985239902,3.5438014092346717,4.576099748352534,0.9945660731535086,4.60110179894124
6.476405038462482,3.4042075087370636,8.92841687671143,2.465996497095644,3.6206121489738434
36.672162466917605,51.76525997682449,11.192586951312068,3.277606775590254,3.414865698554223
5.0267771871139155,3.299437471057462,1.9953427733361544,0.2807214640861192,7.107909542406871
12.856690432957032,3.6835528872149643,11.172788084067637,2.861985125119122,3.903859592422795
12.919762639718527,5.879787951492387,7.748540445928336,7.318947809423292,1.0586959557153741
6.423653339200539,5.11015776415777,0.8862073884149166,0.7782034647401574,1.1387862282402221
7.154699310398882,3.7741419100493077,8.512674111096434,3.0258763984507486,2.8132920814131506
7.668895328243537,4.889070467220207,26.598379595071464,5.502615918737121,4.833769971932901
8.735329924444118,5.6998503764907085,26.387497010850204,2.3779797991695126,11.09660267932713
8.936772348001263,5.526464151703772,4.470994769704001,8.488256301942318,0.5267271169322408
10.21105065874984,5.2327116204707895,12.274340426059378,8.839733809154286,1.3885418600895278
4.783188151106843,4.080707526035586,7.891245814874596,2.0497672623960796,3.8498252751144575
5.141659913555803,2.662761912628405,15.85601759862319,3.4438030992423214,4.604217239397835
12.890946004420659,4.8822249437462215,8.214594050488177,8.319911493719445,0.9873415187997168
19.97858742643122,5.478141422491396,115.21027554691811,12.90013512523074,8.930935562185237
6.75152246204925,5.642646974864115,3.83007761022702,0.8702988897832116,4.400876130246563
5.36938233567574,5.6482749608570595,3.7725748997588813,1.3224912370286632,2.8526275215516725
8.65926863732344,3.5409690112258168,6.482587756945539,4.929332522860867,1.3151045758997
818.2969733877522,859.7347183597841,12960.74392668411,24580.882130571074,0.5272692760918015
19.481843398975933,28.447687129361384,1.8902295367655704,2.911226149977022,0.6492898316334819
3.2231437379607435,1.8451781145048007,1.087238839955371,0.135268201907203,8.037652786286321
3.4124998982498966,2.0265792388582384,0.93863710779891,0.10620265040293274,8.838170273884144
9.255568894214745,2.368974489896264,1.266626832151207,0.44157166263079883,2.8684513508065455
33.02194876139202,45.44712830940924,3.556578283049617,7.109381210279725,0.5002655192982232
17.786529234851365,1.713608721236656,3.349674715361583,0.24763166790954247,13.52684308771521
37.500184295843425,3.405189822279003,38.77168829624234,2.627805932979218,14.75439560039572
35.151921711337486,50.15290999803404,88.15990656342493,249.0326836197061,0.35400938255178
48.3462799901801,44.472418268203874,6.604449276642145,14.767511093742765,0.44722832674495555
37.7224389455401,52.540381030175126,3.516910311269197,2.347785043789824,1.4979694672524857
40.06179601565562,54.330433337330135,22.664628913062696,0.9305068629116031,24.35729366051522
4.521916997616534,1.6920036212078868,3.2473499432602453,1.2403434566324134,2.6181054335360803
3.4459251297728453,1.8315335241723598,4.606408375070235,0.866509973507716,5.316047726978894
12.892814105367204,2.3569437724494606,2.2313465598596816,0.31809709664805985,7.014671254068144
5.9086603106513635,1.5869450679936692,0.7271729163034497,0.23803320322946458,3.0549221975660816
6.290715380622461,1.941450686788302,4.567679122847697,2.2516776303631345,2.0285670831623683
4.0001819403066605,1.4248158949310472,6.549479754853824,0.8273777437497288,7.915948675596666
2.6791458008518725,1.6068415601206933,2.107566961699753,0.3309885488201269,6.367492075519185
3.158711059206833,1.5013928872905615,1.5301125295971405,0.3515888174979062,4.351994299722723
3.716143460931268,1.594304243256879,1.5372818288411825,0.7487746159726469,2.053063493404189
8.839856082287513,1.9798314174372453,6.440905677651413,1.0735878410794015,5.999421222184883
21.85715723103584,2.25023224368101,2.380431933979673,0.27595899092933496,8.626035071237204
2.040969268645551,2.1483446221182985,0.36353650948406985,0.09327627816255246,3.897416541969387
2.944439203349633,2.432362629187149,0.3426125094326361,0.12885323150819766,2.658936104453376
47.8840748289264,44.62665640106215,62.22977470363028,317.97300169640965,0.19570773107034178
10.790001029760017,2.2308268934999287,12.5737266762444,1.3045715079956972,9.638204267976295
10.71711818644463,2.1153998175191058,28.590040542826735,1.861576496065395,15.357972451443327
6.430828527923564,1.7291519757337543,17.295390366673452,4.0385564089488515,4.282567485834639
31.464671546919977,3.8695276387638313,73.06416494545556,3.8526288673796065,18.964755615079707
49.002936306579294,72.06504865368645,28.559288839737558,77.6265108725951,0.36790638299601836
50.02215631320008,54.36132675122864,330.9409849186154,502.2316112112587,0.6589409697260342
33.514066035356294,24.38363945168356,206.3385831570498,305.4694561581184,0.6754802452335659
5.596328161293697,2.2465134636754165,0.5843030480764413,0.46861765313130904,1.246865209136107
43.019855364186846,59.57281034533684,39.964231150778495,47.887409878039804,0.8345456823110677
29.77694559367849,41.57300062866407,22.435968016796913,108.72853119326683,0.20634848802396305
10.89087079469161,2.757780116428531,19.167511944082104,3.5993489034940267,5.325272002799023
2.616738852507491,2.7143862983349716,2.140392772320693,0.18097897760789564,11.826748059976405
3.4915310236182764,2.70203688806826,0.7455919507061198,0.2901241171444683,2.569906831753838
15.510102800719565,2.1892103920062658,4.7008208772352456,0.642767136736376,7.313411978564232
9.169999394159678,2.144449161756431,5.162102084173254,1.1376630174670972,4.5374614494072265
13.950211467931231,2.4840629142340394,3.7076312495011017,1.6441948561808026,2.2549828784365173
20.15150256322232,3.392890461777204,8.735597212490827,2.7699556537274543,3.153695692108128
13.76061368140567,2.8296093304925862,78.88616139205567,8.326901086137006,9.473651791467638
14.162738278862445,2.442653308176682,80.13154101573106,7.420117514080919,10.799228026196083
7.19003863380132,1.7815479346563372,11.458143173219328,1.4393681217252279,7.960536988609688
15.112136035503239,2.1960743327393057,15.27065559432786,4.073535172704453,3.748747696264409
17.678027479205802,3.82825265553997,29.35016247552843,11.3409168430523,2.5879885093689756
23.144007863807854,4.72805615979413,65.01669568347529,34.72923881068872,1.8721025254220347
21.39574100921334,4.709628648491191,58.50428852450548,21.02957382510648,2.782000672531901
20.564708442701864,4.015021959814497,182.4069283552644,6.813705185623397,26.770593001313674
18.048040521526612,5.199369655646106,42.873193455629746,19.841340280800416,2.16080127899002
47.81734448224131,5.260759002680215,185.1861948861158,11.321375448897644,16.35721699381918
23.0161160928598,4.846127302576349,120.46898219272396,15.34102128483252,7.852735483251703
14.770089896664663,4.7340649802741614,88.485741978784,9.076043680624075,9.749373746149674
30.139971798261524,6.318206425993976,25.019478616489888,20.691173923373594,1.20918603792832
15.864942133171771,4.875369808458715,56.81378431712312,8.431472410141387,6.738299261797669
12.11937796350218,4.80802005571808,37.090899630481545,16.764914604190146,2.212412082386105
17.266552123172193,7.095148844368652,42.59731416782817,34.91766499048794,1.2199359315530485
39.161117904824366,7.035742479710487,456.4973059561917,170.41019804949872,2.6788144793047763
10.425622283585762,5.866405689948791,22.667044042572737,15.328577864492754,1.4787440976555866
16.204834326692623,5.19132283487742,21.930365201105367,5.273262059279557,4.1587853883562795
19.051554617230934,5.47081035005671,55.81415416627022,10.253339670268595,5.443509720848653
21.349862346680887,7.805537867737384,131.37287317217508,37.309250495283365,3.521187679414338
39.79288867233552,7.079340142710144,546.4428267203016,42.95548997723935,12.721140580862725
22.740014658453205,5.466223436908462,74.66675271984182,16.43911550277857,4.542017647313294
20.120062955501243,7.211334445274699,87.25751605783833,19.63503595735766,4.44397027066004
19.32605466433563,6.5767910565873,27.093547489642287,29.30857493871758,0.9244239116467867
12.394519846376552,6.368820370343239,46.55446137200414,32.45277466910494,1.434529461553992
9.986913103323435,9.64104936072416,11.617952933256978,7.5892868307706625,1.5308359259992839
16.584690396735045,8.263025594371843,171.48340556358485,18.487410372391338,9.275685567064283
19.477866641110595,8.075314380328305,185.09737572056477,75.46754858081661,2.4526750795720877
25.45082753511607,8.956229498105913,46.442318155325474,42.76761154703226,1.0859226521044336
28.60231148390322,8.564725042298043,226.9909618457345,48.59262575025372,4.6713047163241495
23.181010187939034,9.14323040327421,111.57423058077812,50.089684584788706,2.2274891827660084
26.695877958965877,13.740548591132898,25.849598240664914,91.98998414215379,0.28100448632232683
63.27201557999837,56.72211203147355,916.6896078312782,1361.7274809058965,0.6731813969278534
41.12603176686135,9.262070674382565,939.1707839113649,346.87968495504293,2.707482809300537
29.445264474954204,12.300175380102143,205.8112986283643,52.80442982758661,3.8976142588863323
16.827203834532014,12.366207054836051,145.05796816704054,62.126190038276654,2.3348923872149356
380.79944496925003,548.8356114795155,16810.881597230105,32372.92598114933,0.5192882968632195
25.82726466352951,7.779141994283436,438.2456570585159,193.67109123369963,2.2628346557395718
32.538229822779236,8.187599727493941,197.15105702872546,70.66084766054847,2.7901031979665776
29.602589976779623,8.180243759196069,229.18952446492972,99.36637212480598,2.3065099345386537
33.77464927032305,7.418002146996374,510.9275235770054,87.8998193852564,5.812611756773465
23.453892356422777,21.047962428891466,147.1328945738842,30.36452144690639,4.845552887476
23.51193810244773,5.949340201184619,32.12316385015484,4.242949479983648,7.570951292655655
9.913570945370235,5.1638698511353756,9.502375306207764,6.118372985627185,1.553088595371681
12.707773211699994,5.572867860203664,61.72911171689461,16.678349228852994,3.701152366452747
33.20825934747091,7.511195657195257,127.59145600221447,37.71379107855791,3.3831511591195165
39.685403977897074,6.965034507137688,281.76869903100066,81.34226702186723,3.463988764356086
25.3736705179908,6.665941989598743,257.0919356506329,112.11705205008563,2.2930672092215123
24.49760169667408,9.544824719698413,302.0001280872612,169.1009545123033,1.7859161644489034
28.566929403692576,6.138861354444893,195.19408345167443,58.27768324556793,3.3493796009215777
39.48183210878982,11.022021131932924,998.0853151290532,356.861430320117,2.796842780778344
16.115305009696698,6.586699885725429,46.29905775695311,59.24995345862427,0.7814193101313558
34.92903456374876,10.156303543723022,466.983848613168,124.62387287137435,3.747146015074873
32.29809488705693,7.272985705350597,107.30365398967528,23.7796358756534,4.512417875142374
14.746456824908446,6.368820370343239,39.49862005701792,23.27230952113748,1.6972367964229167
22.591222484259973,8.08752290604811,213.38380601859447,122.42474070962413,1.7429794401175303
23.019469054597142,6.30310217194411,143.89351785868152,172.97886928405364,0.8318560437713914
18.955924315808677,7.533870009790102,109.02312050295673,248.3993948935527,0.438902520473839
16.52490914414425,5.338382504017235,75.2405808288851,117.67897815224146,0.6393714664274723
27.24780827067666,8.42039251065203,152.75560059826762,64.14520515577686,2.3814032588608938
13.843490247124178,5.780835597097439,47.813826720398524,34.569754490367096,1.3831115501188156
23.291677101965462,7.975505980950294,221.99761427711616,72.12853367886463,3.077805730330086
15.710186362852465,9.046516726505464,144.96891616654614,107.59857305997618,1.3473126273314004
33.05091610765964,35.42862248196929,54.159874674069684,25.196202716996705,2.1495252789633588
36.099335020037266,8.825320822804011,109.04481428255555,28.1701711637764,3.8709319034161442
45.91517432541592,47.1084992580016,263.2759721389666,458.47728985939153,0.5742399415676829
46.57690545991889,13.735557936955633,779.842146837243,248.01093466972156,3.1443861452147903
58.477347086048816,12.756138269286302,199.46366311244896,66.82600816144426,2.98482085942597
70.06211878675158,21.138182099577918,668.6136768996454,558.132638446738,1.1979476397588427
67.21126856578607,62.4042276245613,269.18418768126287,449.887950893816,0.5983360682286789
135.3854767773199,25.327487150350517,1388.112682826618,222.01540062235702,6.252326095106191
35.02990008549838,8.738298434579388,185.5569648156337,79.29620164499916,2.3400485895447165
31.453086052440423,11.243578620735876,249.58465587044668,127.69579819435225,1.954525202862042
42.76080902986856,12.673676403419622,157.85158532378392,222.0432438261077,0.7109046985793667
62.67524223239101,69.8196434300237,141.1095887602429,18.81818116498382,7.498577440779156
47.40583777928152,19.69465914054385,187.88415565969572,251.79765177754422,0.7461711987119158
47.705338159255184,11.415971912882366,132.9433098601795,192.7507573970301,0.6897161477105973
22.945212766258866,6.755649190612407,72.78076094682245,11.352657004187549,6.410901070998313
69.32208330202818,47.00412705142199,698.4577136983112,305.3337099501439,2.287522441633969
38.05386299561306,10.898283133174516,616.8056174939254,374.2864470740325,1.6479507134596394
8.200050812850694,3.199080135347438,2.439437578145778,0.4955905797295711,4.922283993930849
58.39863354565756,17.947433462558834,422.25246405041054,237.4703476720797,1.778127114352376
29.552946083634744,13.609828240986873,712.6024413720498,275.5414086283743,2.5861900210183815
42.69270182231254,9.238750729950842,764.2899736290685,133.35583342934237,5.7312076567990715
30.49048868089851,9.117039066374161,114.42556917878778,79.97258084342018,1.4308100097810244
57.32006009146265,16.02694219912771,396.0680735765952,138.6747229971114,2.85609421109026
18.138352246613312,3.8682309525597276,10.395572521069859,4.960214450472039,2.0957909430872617
6.630113121206908,3.113784220833718,1.8957187015746495,1.804420791106815,1.050596795890294
71.17931971826899,33.900306329453265,1970.5342707428122,1557.3031710525404,1.2653504515828988
77.6486298798776,30.962000661291782,582.3758112283464,357.0963815125502,1.6308644987148344
65.07069659651383,59.56340597299385,2551.0800932825464,1069.2370488219856,2.385888233196892
42.39183084300821,18.00752351130031,284.8675581743665,74.72669963205406,3.8121255130632368
43.48953846105469,19.249549358405048,239.75920120643426,165.44852612187682,1.4491467940295633
44.26699937123967,8.255331711823626,63.000671388429964,24.512260718157506,2.5701697657679565
21.334119516763646,8.10714206785358,19.976003273381316,1.4738709092067475,13.553428016387546
23.915235497249213,7.365743723617235,271.3016937785531,145.60048732916678,1.863329572278195
55.34444416560709,36.868744863720096,63.63383599254988,132.90808947994933,0.478780759256567
597.0005354455072,768.1740043787895,18028.780418438895,37114.23121565014,0.4857646198754242
39.78412078539209,9.951890965000782,148.9128276995065,74.62004820659345,1.9956141985760405
21.831348255814774,9.917047246381179,153.9111099286076,98.89985353680147,1.5562319298211698
27.065286294850495,7.885891894383264,80.50370510484333,40.2735690210062,1.9989215523176895
36.31297594830561,8.946888997996728,29.402565549433206,53.545937300299265,0.5491091767529649
20.58612774553669,7.065153074057647,14.058980572891667,12.794713186962408,1.098811701947139
26.939802028473284,7.385016014773532,110.63696150300228,24.492484521365853,4.517180011137248
52.236350051153714,8.349994492618295,41.87184564301744,10.287006420882783,4.07036254570785
57.96622493602057,13.818096805678547,227.6684899625653,124.16302594553798,1.8336254954226732
23.67045603466247,16.09212607889742,69.28234668538683,134.5545766339895,0.5149014505381423
20.49304597499682,14.152182903582572,123.79761877388165,71.10155434343343,1.7411380091061954
21.228099825990604,13.45362404707371,73.9086817480868,43.31306020889755,1.7063832800459613
35.11500011865774,15.799115169330822,256.8571875382979,356.4122928258543,0.7206743221502752
56.97224470447576,8.603491552249709,18.44440683484707,4.000541374369918,4.610477710095436
52.32258233518508,8.08814318621208,40.513121108236206,19.5361071958199,2.0737560816058953
26.786599261571077,15.22309018945851,75.95024566264277,149.32791851221506,0.5086138373811862
57.441824773707644,10.71179139623191,229.5652969640199,43.246823879030806,5.3082579568422315
57.57255239164657,11.753032768788405,771.6106346031654,42.43801117600556,18.18206398511516
22.41138078943127,14.381216846752261,201.88943325943885,69.43920446080246,2.907427221079453
20.96220381755909,14.277235897853027,38.25081295104591,81.39051438480507,0.4699664726309558
63.580173272281456,14.852451572913896,202.13204188874775,129.61279760060842,1.559506820550249
35.11694921575936,10.338744222922985,904.884423679709,57.25980641737452,15.80313452483376
64.69816895914958,9.837135292819285,92.70219514260876,172.1331632962928,0.5385493031522374
8.187385961886058,6.75911375322956,7.477753158704344,1.2415132458551357,6.023095753242472
50.4293234801605,73.79418635501939,90.69920595361336,144.8958089851836,0.6259615553331004
40.74771309192974,44.77121327886412,992.2634252179921,454.64303358067326,2.182511007378983
15.159743474815867,5.255670611691273,76.86852378372205,19.205920381009115,4.002334814411182
29.967511853116314,22.8705094099125,157.18720615588845,138.82398406910798,1.1322770140182628
45.90819086926525,25.09453697427345,224.60112041283963,125.45833556643082,1.7902447007509694
36.587364394464565,13.398572279554072,443.24270191570935,242.4526584094555,1.8281618556937347
36.392623642100276,30.28653574596538,269.53093928158967,499.38765253953187,0.5397228744262023
42.26775747803782,46.097577182250895,48.04781996785805,78.78156142753461,0.609886616832972
39.909592274985165,14.001194406765928,316.13685953110587,697.8066404926631,0.45304363871904113
45.47554898575228,42.167328727821186,155.30720222687486,305.9323619242519,0.5076520877033877
29.959356913436352,13.048789331199789,183.69127858332098,96.19934521184433,1.9094857473177935
57.74157331497722,65.76112136826774,202.74414393584487,142.7404199383005,1.4203695352968764
37.90717551540283,58.11440682770886,64.9672297345593,99.3308087682482,0.6540491368205443
22.8976466524886,28.71815525885275,91.35819027995645,12.887727081201257,7.088774436666687
43.114977547122635,12.869813791326251,248.63238207079746,476.66490133637717,0.521608327724009
33.9631386784097,13.550722253023833,339.83561210555865,319.8137351755511,1.0626048062601727
38.96995366803621,10.269284005223204,27.951226967760874,22.609149256625713,1.2362794659144303
58.84625268915222,31.16183885249547,330.0240768446912,161.27828703311988,2.046301972297845
37.29170461823022,12.357414196292407,294.8466436069359,319.4415131238596,0.9230066584758904
35.89638545715834,11.970420623339246,204.22345429158833,81.6177164108189,2.502195151646234
27.833794606956165,15.112178083301053,157.9728322783287,25.435880057535282,6.210629705793484
36.31275426378757,14.76210460745593,579.3348304836048,155.30215943019897,3.7303720219292162
40.3175962411782,9.222446080389172,99.57996663438675,68.05512541706668,1.4632250844315446
15.644273357650361,16.62210318766163,138.18655897788292,29.46666825601846,4.689588852640605
24.39580542269966,37.35690647709552,26.68533305834121,15.638716629428306,1.706363360285321
23.42555371099404,18.488539340805744,271.16611450032445,134.2760477273599,2.019467500643989
83.3931984969731,115.89887184517059,43.504549972385085,3.993654965980478,10.893417268886253
76.00319174584418,32.436096165355046,141.97334789176654,272.0204863612201,0.5219215280103499
22.208991922692533,20.27899056151415,93.5627500014737,28.33704237427403,3.301782478414729
28.541863794939687,23.205566740745578,376.5948851740391,39.90767534547224,9.436653022606238
80.00443904350975,11.077561761594461,31.517535895068278,8.454348165002855,3.7279675830641206
47.7263710006207,7.0093105782672165,50.60895863904338,9.895907062002674,5.114130349239703
36.15876273079905,25.270112689058706,121.74192664370653,97.11181450987631,1.25362631990905
24.17160386348687,23.41804181126696,47.93495065194999,48.60794153439144,0.9861547133822712
36.03883877152537,21.89974114475689,541.7593208443299,84.98970560503997,6.374411077054054
29.601639594229688,19.30584675852228,206.05027489520398,46.21356596613757,4.458653440554334
48.94628109809093,8.804643043896487,20.91798314118253,5.148653155522069,4.0628068174970045
11.156803604378212,5.481498220603097,7.043557674353607,5.656699899931538,1.2451708237940735
14.461349253172134,6.200927754515642,19.61823527532684,14.477391938586795,1.355094574944682
16.575073654939416,6.456181088498962,35.2851557681087,5.902345520424732,5.978158284025634
5.986817926819629,5.190678550315848,13.218902938122403,4.070610086544138,3.247400919537585
6.37987373612432,5.246116576138466,12.365413530779508,3.033739351222505,4.075964379008573
6.799754080520526,5.11015776415777,8.06259384167971,5.7427336582600725,1.4039644394935262
6.387362522982393,4.883252384031962,13.29695141458901,2.5368709379488132,5.241477292234763
39.37371867403715,6.380362850209575,17.898480148289874,7.9126190490102575,2.262017169969618
29.610389317865366,13.032632056793409,314.9521725634751,101.89479611015166,3.090954441117889
25.562320360683657,12.48182625348044,435.3216206742236,38.82269176483873,11.213071553902129
25.794087177749347,14.834538926117713,205.85430814125903,17.94563033283402,11.470999030032397
29.432088308888687,15.382959777137062,160.00555993793935,52.99674849231329,3.0191580519538244
92.2153264557109,99.78580739694164,492.8947733579477,1250.6591350416525,0.39410800237071164
68.55093961589603,72.18324878171025,186.09247654535312,520.3241230248185,0.3576472208582896
42.739776425349824,31.793017891072775,153.09135418906314,247.96848552224557,0.6173823010881321
31.86196112399026,24.61570860990788,194.11162170508325,113.21100562589773,1.714600277878629
21.19042629742655,15.271894749204147,22.49685224698171,102.73415549772679,0.21898123499423228
30.590767670437213,15.119811362982473,288.42825721739536,243.30430261720912,1.1854630358558838
27.93653024665415,17.870586435027043,179.8590680289691,399.16494576637956,0.45058833431289264
53.59782116218283,15.346390640330341,166.55770722624567,98.67136607860105,1.688004472275845
81.0209468114402,24.24850441893652,5197.75508259482,1658.253075628995,3.134476370938284
62.296714644959856,15.112178083301053,627.0171185192565,511.2604940207285,1.2264141780018598
62.83979312505731,28.084916624516087,157.49502672727755,493.43882494990635,0.31917842448507444
42.251890161532685,19.64279676835616,599.1933735858556,488.13799728632273,1.2275081573590185
27.113326776492936,8.284247856130696,147.68622643208926,40.781391985497706,3.6214121010044984
19.502506676493326,8.007521547757,65.74124823406102,37.18419401672926,1.7679890602034798
16.965353911231364,9.210834103540414,87.0659973011866,30.762231808867877,2.8302887073391063
19.112193896974663,11.34131465308148,104.91887410100864,161.75012100875242,0.6486478862994569
25.367362014122705,11.625280951040946,44.55034797255597,88.29087741584257,0.5045860826903735
24.022513514525404,12.643556927248568,45.26220273308232,117.36289300673752,0.3856602506422871
51.42012187201945,16.61536138980168,1170.0470180226516,668.1961643598751,1.7510531793362574
40.3804379206896,11.538940904200674,297.98361400318333,92.21059518564212,3.2315550442253476
15.040083850239075,7.6621818107073425,48.4957676827283,87.35588571563262,0.5551516911017916
9.331964185291088,5.147977490316238,30.51380842154113,15.228188652446798,2.00377136887113
19.381643950455345,8.450920671777062,21.60634706472419,34.51387142751545,0.6260192256351453
19.858312281426805,11.400580868848623,142.6124718918646,63.25603921714348,2.25452737251393
43.859789734511445,45.45489145505284,155.58617811471117,202.5400012382985,0.7681750625233591
8.771719709764254,3.7340519295678027,34.158216096364576,13.35987968525791,2.556775727109039
9.620478158594821,3.910794597172153,24.82447137224893,2.9520432425970657,8.409250587538668
57.657569513657286,85.02439154260756,149.5814492244922,660.4729125297852,0.2264762814443909
72.19923814618052,108.57411198182622,17.21274333371496,74.34063410903117,0.23153882852909233
82.79571721344583,102.30000474046747,304.0378341528552,656.8663658165533,0.46286101705771543
22.68192501138786,16.94176529678172,296.93853751356,32.298812409888036,9.193481597566556
25.598007517947348,31.766813418764695,23.18032572707545,10.468415255699671,2.2143108733152905
8.374235620175863,9.102353696125226,16.327995892688573,7.9998698025170505,2.0410327037511524
39.55173531801944,65.14378231713246,45.4609401205436,15.361200681401645,2.9594652829179418
7.673315233109263,7.362564625151468,11.350916629658862,8.435372145904378,1.3456331781603812
64.19999342332953,94.98873370970146,34.58496231829491,67.5199632599937,0.5122183225296106
41.5634105915287,70.23777104667653,25.554351997783492,19.959006299702356,1.2803418974903864
43.43506980412129,72.55068577683441,91.59869734110187,17.001021384823606,5.387834958131973
34.60274154199667,58.1412189224877,20.637774780394494,38.48168626921545,0.5363012066574714
51.42965800218997,70.32036104328195,3.3126211671930803,9.053194288140975,0.36590633778095016
101.20428185934955,141.68757141322095,436.8036743987293,2409.265084965743,0.18130162476701486
27.081169144300663,43.900655559210364,24.41634357091062,12.716301217506828,1.920082196330492
6.147999674690948,4.899662127454372,9.424390911212653,7.485752270074575,1.2589771303130186
6.143147944390292,4.48557703509734,6.684271578576752,2.7195583509405092,2.457851870052768
29.177993229296785,48.60667336541531,13.219324174980889,9.198669486289333,1.4370908961001767
30.04663985650753,47.347502079595046,16.70874434946802,29.379104595976813,0.568728849270516
6.6510015954157025,4.624350266212042,18.758727445731786,2.615323578017279,7.1726220049425375
9.264865532393513,6.113201899021002,24.46262308466344,4.49107813956231,5.4469377562527805
5.239350044508278,4.911252522299443,11.670493499762518,2.9785448167890016,3.918186301572527
5.632503883709269,4.841639347566726,9.160654647403579,1.8036393879029684,5.078983475768051
15.808744064247763,25.25190810367118,19.836293515485007,5.405103999547301,3.6699189353519146
5.3723572314415415,5.133664875132308,11.959048847801538,1.6373384083368037,7.303956706145709
6.290185476862613,4.99966554065316,12.262980784297143,2.97332199619638,4.124336617421373
31.027890500143396,51.37279318470685,2.6314748752915635,9.593594899055283,0.27429497523922913
22.293806813153786,32.33432172172494,10.546871497460263,3.5484924226422057,2.9722119258766986
26.594067007511285,38.59094284369348,3.982914620791834,1.896020932276124,2.1006701735146187
25.57182824907128,28.346871970319267,66.49853710539675,50.85386047111512,1.3076399016583564
235.08140566384424,321.8046313150045,899.9691158948586,5637.1299343066885,0.1596502344957117
121.5128578473168,131.15478868618456,1574.1707429574162,5029.521355091618,0.31298619328135674
27.21511099861007,11.05050733561957,140.62060953102525,19.91422858801043,7.061313417667976
67.89019066764276,13.545044386222925,541.4925218556845,38.08653386401363,14.217427182769132
60.477103105224884,30.839426617784454,338.95737920141346,83.35964665799209,4.066204606073819
78.92522614615825,18.680915090775468,69.21148618069748,14.659578903181936,4.721246540422438
68.08154416253758,27.03942371395161,347.8175374567366,103.56595734293045,3.3584157031932182
26.94749710084408,18.344437703261157,288.99406590095384,96.44527075468041,2.9964565772856124
34.20322450685997,24.68266828591217,322.1312501139174,95.52396739543656,3.372255768862742
67.91330576551255,14.277118771003405,284.8609001502185,81.82536519875919,3.4813275743807885
22.65645946646465,12.359849768003874,130.65031299841783,53.6230754260435,2.4364569163626144
26.670225595846265,10.398578498170252,125.89952270176823,65.1047758856438,1.933798572978887
19.995878464212456,8.206572127688668,35.70255504637515,24.20486516729126,1.4750156548949116
38.13935325443612,16.55971256597042,735.6894446355982,214.72871612041368,3.426134417080223
42.29316874179827,16.189306516492604,424.3040718006664,307.7506787545591,1.3787266806942198
47.58868492964828,15.25688615841503,137.94225649469624,273.86120438893215,0.5036940402072921
83.37119639832986,12.31756502019599,528.688351600145,48.06437921368937,10.999587641601487
16.410667262485095,10.894599932641293,53.658431139393144,42.299723243006646,1.268529130347547
29.439689574148403,6.057417576187702,138.138630983639,73.60956283252335,1.8766397417402454
29.534078997358666,6.850042111044057,185.1140080615285,30.56705062695797,6.055998346738468
32.74471543453827,6.887534180699287,494.4981099771556,68.96051237790999,7.170742979217732
19.79031047985071,3.863039855227606,137.66607968869323,11.77270477041476,11.693666185756491
34.93163656820753,10.727079477365328,564.5179943717288,321.00185206617317,1.758612888798398
33.80959758543259,5.861843056017274,745.7998346666767,102.94589087135942,7.244580899286439
51.17392337248858,12.257684778146375,324.5757151726784,83.20905868627666,3.9007257178142956
18.119211412813257,3.8652036597188095,55.390365083926085,17.50346219154793,3.164537648481509
28.948554176139588,7.096327186071156,920.1714536209047,224.94822250936642,4.090592240988214
12.329824275579384,4.229613706595842,34.38888378016994,15.266561922908911,2.2525624272067564
25.128790703538087,4.892831422714631,69.78382848273593,98.69908328151395,0.7070362374460497
61.914422929287376,13.17416139373181,1067.7477949073843,178.22859602379,5.990889333857857
66.52539857494696,49.32616176141939,670.9231328609294,530.1636504713695,1.26550194881224
26.02000491075195,5.382058638099969,227.67846643293666,108.69043916327338,2.0947423543934804
43.261793639294346,11.461729252525291,307.9691033059259,349.37865648282707,0.8814765801844665
37.0165997297909,11.107260573975655,292.98400255922866,405.28720701563816,0.7229046401850127
37.214080967050926,42.274386403819015,149.94904646357418,94.30015312618411,1.5901251640909388
31.87783538587413,7.588276470934035,249.3732715388812,93.79059282244972,2.6588303158607522
18.102036717820823,3.363685667672146,84.90702458969344,13.758156932295265,6.17139526809631
32.616392606581535,10.118693584955556,325.1881402434781,144.47969808574638,2.250753182294748
43.17164334246368,45.50287579577382,184.02678472806292,203.27609025754376,0.9053046253246378
19.522202459991263,3.8151256789899195,22.53479028688267,8.431621302053665,2.672652089034637
8.09915976437611,3.7652699139747754,25.470432601116592,8.367429570756714,3.0439972497806345
30.343925623132915,8.744037624572135,808.4938455368015,288.7284082255744,2.8001880746876515
41.12882998038669,26.72371962574543,675.0185647522396,116.85566744582175,5.776515418605616
29.846953873981107,3.6781011532644783,152.3415323595694,18.78525062330109,8.109635341814714
46.48801805005482,26.456059361195063,190.91247042446528,122.93041402812835,1.5530125065777587
21.665927166867334,6.130138278842146,79.57665660611482,41.191821888921254,1.9318557169115493
12.121204560603703,3.6749172402120878,42.57646588176344,24.202388416440368,1.7591844717623737
18.836152886286403,3.2933499428627147,51.02113788332365,13.848778433365943,3.6841616124349366
11.03944996616931,3.1170048225091267,33.64698580274181,21.159769042884474,1.5901395584493154
12.97249911672124,3.5015524507305886,54.151354201458034,36.7774365725161,1.4724069768888002
10.116501371521679,4.0568699732593245,20.962007999881347,24.013500911655687,0.8729259459917732
10.051730641481043,4.348528371375254,8.462113820279002,6.630619255580961,1.2762177247858835
51.351807390024966,41.82684484673421,544.8721287250416,190.21225600516573,2.8645479537882363
23.897963418575138,4.816360079428834,535.8833626527927,63.21951562738276,8.476549643488275
53.925957468448246,9.83543521930663,239.06856820970097,372.9804610793018,0.6409680751584225
26.47470469880427,9.123823055999642,259.4588023993677,68.19051316035002,3.804910542163691
27.79323878611887,9.32092262934348,34.61114393416342,17.56869715989739,1.970046134847575
69.20068368319941,74.45945676904404,419.0562698286695,259.732299988259,1.613416082049143
41.741566812950374,41.42071444681128,142.65355184338793,111.6668935623303,1.2774918983822316
271.1723709910153,292.0250710820361,3171.3152280325103,8828.780784694318,0.35920194479517953
45.928741425047654,45.01983955077203,382.5187994044393,613.6982341464362,0.623301124430424
49.02315495989851,17.40910460296345,563.9543158138298,890.5748231642939,0.6332475398417939
33.86937259531094,10.649006422790913,167.07737104814,166.04251681280311,1.006232465366106
37.455792461098575,25.216387939904994,615.8557220609475,285.5197217644455,2.1569638631443824
35.37740317710665,10.871859289685261,767.0990056942469,531.8403526893657,1.4423482569820907
28.627162509290603,11.318289576157959,458.2957216992036,368.2474501729658,1.2445319620921806
59.35075736669247,21.551757721113265,661.4285151767502,455.561166061491,1.4518983716172849
48.84915375134172,24.96331756959134,193.80545309692394,363.06354054965993,0.5338058809306829
64.90475449114307,47.426972555208586,1138.5840954288196,2195.4770775838415,0.5186044104281199
68.105001529501,37.10281295396604,280.5787333709691,698.4248902347325,0.4017307190708364
64.6736225640373,26.519885893911514,1009.2065427291127,2968.729111751785,0.3399456483699185
48.73415628580113,21.70122447726646,139.2503815030447,760.7071392746344,0.18305386437654006
59.56520041097822,30.73007960683051,1701.515164853182,1268.2344944329693,1.3416408182572999
42.893777196957394,16.274813830498687,399.52000584616434,546.8817789769882,0.7305418121509135
36.35669952017097,10.040053564861308,413.0915313116161,294.26583778450663,1.403803902015043
19.13172931720148,6.215742232832433,263.7407596891551,156.35617168768707,1.6867946870428812
37.83899384967253,13.286400117926808,318.94434970184506,263.3477680183062,1.2111146872513996
54.28814071436065,23.177229051124602,299.2437308843384,1849.6720677164135,0.16178204564324836
70.80516804741178,36.73306039186646,388.3332032878404,3228.3369311692495,0.12028893252700008
41.94353929854857,17.914045982922474,342.05408367754967,597.083959322492,0.5728743476305688
31.648218310391854,15.687905146735703,116.12280072604418,708.1879570521096,0.16397172469497343
42.274471414002726,17.138233968094568,540.8744740673222,482.79127949622125,1.1203070499361736
33.91564437443779,13.461204009223188,249.76207190981796,804.023684682895,0.3106401921584232
36.96939800549758,15.315085356108302,262.0245614496795,753.2550232634378,0.34785637447789175
59.08906610645774,26.64331474752693,585.665669887581,1350.8778962278627,0.4335444909735886
15.559452646756784,6.838803314120883,84.34345241289935,56.46138792721839,1.4938253470074516
14.977911143488008,6.762823815032982,66.63590985248055,63.58085570118274,1.0480499061801865
21.31232585461599,7.7978214949362386,142.45350826829488,85.47040251339206,1.6666998642714281
397.2006627498107,397.0203233132352,124.73458767404048,634.7872736531336,0.19649824886407397
94.8564353231884,117.65738765400674,954.2658038145763,813.2969589494207,1.1733301020174138
60.629988912711795,23.41332839406423,660.3731584151836,818.0134652290443,0.8072888607405487
60.04228732041,21.892714996081814,1093.761664995409,178.5301833192347,6.126480378052511
68.35164592019713,14.231013285442284,701.2589314444097,278.76027333799453,2.5156343945542736
284.44422415573064,396.23761071755564,85.23420606875202,90.4674662116353,0.9421531257364848
50.6846699374344,17.696247925349926,1345.803525596224,316.5022617832702,4.252113454145815
96.00235014484454,94.71734045009815,650.2929721889311,2605.8028398091246,0.24955570784340889
33.18401958105069,22.241078027817466,293.40456784044784,189.51454472555153,1.5481902366140092
70.38112120606081,32.237257989407,1561.7571338083674,974.7295467047288,1.602246632502528
32.8297729034011,17.52962137121222,241.7839777979519,128.77811350209205,1.8775238371078018
37.536011005729186,20.029660280940853,337.91894772918135,83.05571004279973,4.068581769453866
28.92321712550125,25.705562038835904,127.67319012168709,225.29004526757447,0.5667058656322389
90.81891286143725,21.08622210216439,1258.6927133628542,385.87737616825297,3.2618981860549146
30.64904276192361,13.606018735081838,677.7378522182667,292.80553453473874,2.3146347055740475
60.89457410603637,21.896381094069458,17.828120984269304,123.93756466931012,0.14384759803727182
38.918177843607566,11.314447507855908,81.61239696976561,138.71022001175876,0.5883661417511064
52.481341763843396,22.582439088458678,914.4628576687975,345.80965000959213,2.6444110441782986
52.09255982277017,15.446530928520891,1127.5978739926588,291.551630513007,3.8675752627710076
63.42266121470744,12.005851416181393,1273.9078267745165,199.17803713204282,6.395824786294052
55.8922426539577,20.94011208934616,588.9969549735623,342.9578104037806,1.7174035321723917
54.547428801813275,16.63879497823563,326.5144160436581,227.45796191193676,1.4354934568967619
47.28987629503803,15.73866848303023,212.55211703271203,228.1746427672243,0.93153259474827
35.40577479577151,14.007164912869452,1141.2386058734442,196.23033626086786,5.815811294112476
22.1976162383862,9.971699083340594,195.44849846450967,147.5768420143441,1.3243846107339292
10.97834029148102,6.258105112465131,55.2672959055299,46.36179609492457,1.1920870320116923
31.61808114917089,8.204126541423669,49.890375421251306,71.52197169113609,0.6975531328568555
21.682169838115577,11.49669139550498,51.964341519248514,94.81369426655914,0.5480678916819337
37.773996199619766,9.852422753501413,570.6161403548126,531.9072699260216,1.072773719438305
17.200647274642506,7.255720842882035,105.38498331631324,42.65234424563222,2.4707899455515885
31.997925453587346,9.01114137589246,183.4783834818649,49.10585968494456,3.736384713739526
20.68356808891756,10.910398219022936,127.38998320566756,102.17910425809788,1.2467322367975415
22.36949907550209,9.953067122776861,347.5092514944862,66.23256370223802,5.246803567151421
52.56605960334313,18.34161159001748,350.24884005935644,203.30840750909576,1.722746463614333
30.43274168829793,10.084923679370563,211.3653037929032,67.14757454778575,3.147772726213432
17.263352320257304,6.379052256590135,161.74297759700428,69.58546072423991,2.324378913548841
17.46987088930221,7.562670158952483,46.05345548419395,9.750460345341065,4.72320832587141
32.04977309678737,8.900415232130905,155.96867700948724,33.466632665591554,4.660423370584431
13.997118354226425,7.933249955062448,77.62900738597685,64.2925218837851,1.2074344746703003
30.151215011449647,9.793861977865093,333.46661344180836,95.54432810569426,3.490176968672768
12.578278896574044,12.909512709418928,16.526249736259665,12.06818934259512,1.3694059039933733
25.92117859974735,10.301313355887553,252.42112514089112,63.9574775758459,3.946702320171241
24.172982163288555,8.660447129427288,116.68284319544104,147.89610249588728,0.7889514410880826
33.410327578293646,7.898816642246235,252.51119313569086,118.1715946703075,2.13681802162511
24.45512806936183,12.79984845228012,382.19997525878927,211.86210458536752,1.8040034861675132
25.15241782060369,11.386637712452647,226.3348021455535,119.06692934747551,1.9009039990024093
22.85212827433512,8.249657943653844,268.9618860694316,120.94683019163782,2.223802687869264
32.29104777901558,11.083145780929609,486.88343283270177,423.6915015876806,1.1491460909841826
12.442339901410113,12.53823583521748,39.79388413902389,8.100237725451779,4.9126810209516965
12.416680536905005,12.297048072783477,25.675753633966814,26.566578003140524,0.9664682305312937
30.42433437599288,13.385586017932807,913.2638276213137,403.8565571452708,2.2613569384062386
4.6620584390255,1.723339683739639,8.072342464537256,1.9142986472999688,4.216866827923076
8.37117474830544,2.4275453834333898,12.61114702969207,6.549819721620889,1.9254189528396943
15.72863312560885,2.883466883961564,77.40300816824123,9.22055949182177,8.394610786568242
14.170029012751606,4.538206443712373,24.38691912921524,10.258816796120614,2.3771668423240766
6.771097892267299,3.4403663178995623,9.890099137984572,14.421141220185827,0.6858055813322886
13.124973650767203,3.6502622804011033,43.75922105244321,9.177496909852694,4.768099786060901
19.98757252783728,5.142452338477402,86.66876883006655,20.81222523309928,4.164320146421948
19.61707731091006,4.464276636397842,9.143362484552096,5.342613892710589,1.7114024460998785
11.462080478206776,4.9380781063704715,33.375863657835275,24.159498914806306,1.3814799626237553
26.025303072202636,5.564159075793555,111.83837206141973,7.53006225817357,14.852250649059883
16.871367921883383,6.039446695514405,50.77331303622874,8.228786897349059,6.170206334129955
14.861994781619622,5.2029063141394705,26.294083634360906,27.620270034432664,0.951985031340444
10.71399655694467,3.7692648964395925,41.88473542904484,6.666544103089216,6.282825821198097
30.31677405148656,6.199579228358619,99.25365921866698,32.01946720066506,3.099791092607732
7.987979858651511,3.702570742110736,14.780395024101683,3.6895747610546143,4.005988760579257
19.790610568314122,6.971513945260614,75.06284536080452,97.48136143846847,0.7700225381873147
10.511442971035581,3.757267205854182,12.238784949013558,4.7297426055738025,2.5876217734535207
10.893575578701828,3.3874645958238245,34.48573432247641,25.80879505744294,1.3362008666317473
20.738987439120553,5.748927484677491,71.83173893046536,22.682607984457906,3.1668201019778843
26.024521769541384,5.5043309187290195,86.22428637223358,11.852400537168881,7.274837371706771
24.83739921972508,4.489303526589191,54.19421662560639,12.546337763683288,4.319524760641892
22.244325119005076,6.738547822480215,120.04556371783775,37.45788943655895,3.2048138729533737
34.61043050873537,5.439543065602276,187.79609594763104,15.342994441946392,12.239859478421833
18.813706587367506,6.411997533887699,44.17047452959649,19.642040925777508,2.2487721462604604
28.938147640940823,8.695326080842161,29.540219635974317,15.189182828194593,1.9448195449422678
44.313488791663524,7.98640148600433,324.4853504852994,149.95913745593637,2.1638251325674998
21.297495679591584,6.092651420998303,130.9537283041687,44.175783730310634,2.964378155770364
7.642607902774783,4.033720740214107,14.80911635619833,3.9917988709752423,3.7098854012602827
18.15213822727841,4.708918457934716,30.357362504931004,14.540714976558235,2.087748955527395
10.617936083188043,4.024589968520485,23.436721511351582,7.622824491207285,3.074545601618558
22.027118639430704,6.282374346117013,141.59717090557547,105.37692807681854,1.3437208076738847
15.22152386881448,3.8927941319630754,119.03146665457768,5.893663259810398,20.196516395204938
19.438110047590076,5.188100611964481,89.80867658583352,11.643713726050906,7.713061201848452
20.54244278452676,4.062225035716593,73.13172029829362,11.40304371226152,6.413350868738334
23.25758562037102,10.22031552831554,81.2634796954554,138.7618362289848,0.5856327784633406
29.371754383345156,6.575519613990968,180.6849768602464,73.71500702647901,2.451128801973022
30.347253033292265,7.918269801889703,292.6350231147792,114.08457266431054,2.5650709493898574
21.674670060285166,5.8131439119007045,115.7384394743658,32.65159587399577,3.544648779833199
19.42223811339294,6.111834016902555,100.49877790369763,20.583178292358472,4.882568497257195
15.649711037445883,5.239099210276234,17.470503271617744,5.606553207490427,3.1160862342797224
14.465170429537135,4.589503802210177,33.10146530973574,14.482916757855534,2.285552410689753
14.106456756472273,6.385340652685346,26.740733090078596,18.026139696650645,1.48344202031493
16.86463064127604,6.424243380354876,67.8802055289507,42.62312491754986,1.59256754778675
38.376422738736636,12.595189398600645,130.84230157161483,60.81004744554318,2.1516559691683708
11.119152645573113,6.461100478865292,24.785711277946433,37.33038187289434,0.6639554709710426
34.58099285252907,8.41840633477568,573.3493405670581,60.21537312380315,9.521643906253784
21.604601104600125,6.928927293947892,146.5708278509046,35.78930716304016,4.095380421397741
13.628455117469803,4.360433226919248,10.00545291855467,14.786773148183812,0.6766488413858971
12.910381696741407,7.061838656992335,27.87319535218471,16.67770852473657,1.6712844759723953
17.356475256610526,6.054103890175942,216.27560091337327,125.34562203255487,1.7254340231939014
21.50203375393955,8.262216049391515,491.081717090613,107.59862603202775,4.564014757441585
15.315518273959912,5.2163878633722325,131.0181580119845,24.34782405340428,5.381103367783936
16.387047391834265,4.5378379482025535,30.529921286283027,4.736793566573895,6.445271649945515
17.35168099445507,6.170921127232824,118.18376826851983,63.098827244583234,1.8729946883230766
10.971275627240841,4.449268099594986,12.77329601206474,4.794934950533672,2.663914347918961
12.731613758235397,3.8037123215023985,7.794747869944478,4.497106614899315,1.733280648521826
9.124698472948145,3.511567125790103,8.301216409949937,3.503312349248158,2.3695336248654653
8.720384165849575,4.164670647884557,21.17593632265013,17.704367473109976,1.1960854492436908
10.053523428795167,3.106256498011413,10.322799123791178,3.7386990857088755,2.7610671217830642
9.0795074511537,2.8058705777345923,35.71668834315382,6.610012096448349,5.403422538718937
9.666470687668562,3.5999814194986874,11.347059658974285,5.147752869581158,2.2042743594055882
27.933446897143853,10.523107238509796,16.42501920365884,19.088053289738813,0.8604868686367539
19.310716368552118,5.305704634847364,86.23977751593844,36.30357072625645,2.3755177738911994
22.492223594438638,6.075335299113583,62.30117433154739,49.15622400823688,1.267411718221234
18.39137811282474,8.000836076712321,160.14676653988948,116.63636426574256,1.3730431975315476
24.690664002591927,8.326931766391537,183.62421253836936,155.55713830525207,1.180429355662489
9.940992013990467,4.057282152074029,28.16293718118627,11.562412020902604,2.435732019432721
10.851868758677261,6.344091080587981,120.69557844336047,38.20373723643001,3.1592610350243056
18.792900255149547,7.262861962036636,31.09617137412371,22.831241170871138,1.3620009153859427
21.37829090975755,9.206294197059387,34.62018837980139,19.667553646921505,1.7602691723289323
14.460713060642004,5.523134682624354,67.14279055366238,11.225412853492143,5.981320369234772
16.51308538368554,5.5692658769380685,18.24023617772856,25.813551077777742,0.7066147591538126
25.391270590937786,7.369148378617909,23.470978105117567,19.58119376596529,1.1986489887002314
16.459107576725483,7.872945928429411,65.2255867924035,26.07295720645859,2.501656650448777
17.629985819619932,6.688981605325878,33.45457504625457,19.08978334467334,1.7524858424121124
49.61196663440518,11.941748245988464,581.1578913368478,205.28462239043583,2.8309859967568807
57.660731486476614,26.783786839395844,225.83833295450432,842.5076061279616,0.2680549484798403
73.29535160340434,15.762026252100533,32.54043233532457,17.751303148875643,1.833129210988978
54.75465236448457,19.451680980742733,959.4490802114445,106.54240797594436,9.00532565800534
30.616810741813065,16.235721795083762,160.75351670852976,466.6370671056226,0.34449367193571756
40.302150342410044,18.555620086359216,140.1659043505278,416.9560257656465,0.3361647168742662
37.38909763851252,18.981948827001485,207.9896797765707,622.4614020016786,0.3341406858445013
49.671551773178535,20.738699223551844,593.2565158241551,1239.6627136677562,0.4785628455895905
46.10451845776314,19.70442118020275,296.5371546904277,861.2067875181748,0.3443274704615233
80.67579727939889,14.151828415142646,1390.9744675263728,189.1981540959907,7.3519452352619385
74.91195543213824,12.299903471900103,48.840839580926016,157.5402959866383,0.31002125059526625
37.10125784031228,19.590626384586795,92.01752146184792,558.1623880003358,0.16485797581508227
34.86812281854142,18.973754095634458,160.06992811088526,1189.5022176663367,0.13456883537798156
26.50482220276152,11.046420749330412,198.77462355600923,158.09912516905612,1.2572784532707477
44.28596416724177,15.839495954954609,1285.753487093641,954.5107355330424,1.3470288381571922
45.25940675704886,19.307579048022884,914.0141394086645,811.3594058193656,1.1265218999780142
47.573962416431115,19.92729258997707,731.7649241197827,324.100160524368,2.2578357349032037
53.4938496984051,23.06490768581535,1269.686098025687,855.1485210690902,1.4847550650480572
40.87683614632294,17.548499445135466,366.2638403271695,1066.938712837107,0.3432847978242666
75.78817146054742,13.35594515199168,360.0710823554576,212.1748916053841,1.6970485038594478
45.969648924287235,5.304128511283833,10.897051245543478,2.883065410877279,3.7796753429287087
33.62258021032889,17.90853760259461,260.5073938687136,497.0199653846152,0.5241386906200477
44.8969763891611,17.146915827869066,514.6943872077213,851.7855336512347,0.6042534967710123
58.3757235501197,12.85694377931558,148.6542025222769,30.92851390188104,4.806380383935482
67.53917472269129,10.535812473730033,906.5975203156836,184.90370575353782,4.9030792358705195
22.310819248865684,4.203836438620749,51.554854447773536,21.992117628599775,2.344242392589276
42.32602299085306,9.072911646903014,337.0459348444243,404.4989634336544,0.8332430124996014
31.01966831257585,8.659867841762326,225.3857760516753,326.26982020414744,0.6907956608142645
18.579834947239622,8.09269045472435,75.57485966486841,80.93213202801776,0.9338053721197568
21.93066726451037,8.583837967220235,39.721614215143184,109.23686988434791,0.363628271820655
40.52885172592757,9.390986926383457,112.83727212475071,101.26590866623025,1.1142671172453444
32.29118541576874,6.682728699884066,94.42885479827038,13.26862355544283,7.116703130788226
15.888087431224132,4.708563322487328,113.5045562998086,52.786422650823035,2.1502604381931696
25.3200939089008,7.166906480133759,60.04402578994244,70.29951345682521,0.8541172312212199
46.87352296932199,21.643817812445377,120.3843370209991,217.07142262734516,0.5545839961977285
44.00899642876064,8.958843093012478,100.35732702938641,13.72416097417596,7.3124562746111454
22.490338419468532,13.672592999541223,114.58345999061811,177.06049920139816,0.6471429850668426
28.611872244460574,21.048439117845742,89.54043023657908,148.68214308642692,0.6022271967423178
16.590835488974694,10.750126389550234,43.30119777210404,63.13163220443947,0.6858875061535169
25.80824394559916,16.089216147910395,81.71361121887283,107.24979514135812,0.7618999282112575
23.648618470336814,15.818578468028152,137.41272615165357,266.64665751521784,0.5153363909833044
27.96212835644351,19.203452170139517,58.408463709590265,141.9359804688372,0.41151273635238783
32.08082431747802,12.612039690331683,148.67190764485514,59.609149429299194,2.4941122137834038
24.696031170120342,12.738034584802007,135.5884891908331,197.32681658554736,0.6871265220662556
40.30140485557958,12.663776587503191,423.5221025851832,106.95831070816762,3.9596932653578447
36.72230687500748,20.810902082441064,131.54472536233703,355.1456579521838,0.37039654692905744
33.84602569808685,19.59472319930866,190.4995856963409,476.77981227677657,0.39955463883138054
40.33278181441108,11.169415957999297,78.73168929695663,37.585955489509594,2.094710331866673
22.74685301799399,15.791068980020718,138.46051516822004,160.59821052937102,0.8621547818734735
19.15815202176058,10.356682362862028,78.18358712038271,42.50193886428216,1.8395298946252718
24.16629333044961,18.168939646907756,39.91024623839382,30.89440891781483,1.2918274741738183
18.458037695149383,9.328633949900567,116.18957851598988,45.627295031444945,2.546492805149101
45.18810303116912,13.645781687376205,246.42845262150524,238.2425181473491,1.0343596707162626
39.1138077353197,17.671756276603226,407.3584712208411,63.75874350477699,6.389060524543127
23.24194101666688,9.55848044905587,105.20059379096617,113.43233079736311,0.9274304164559378
32.24652883989565,13.928028092848749,60.10560642612647,29.58900930137424,2.0313490666054475
20.098958237237625,9.894763994914188,104.96439170252206,36.996856128917315,2.8371165197596415
21.67309930151508,6.151379104147552,170.3339689438845,65.67383401013971,2.593635220346444
23.930161349690522,8.131650866791933,118.5814116028042,188.99802670724887,0.6274214269257029
71.45954092274096,44.38163017499432,248.05794663353618,461.58314929053216,0.5374068507804262
40.309520656484565,17.783912913878883,210.8535586780481,226.43690728939586,0.9311801737716211
85.11426378698226,11.362527157783662,820.5416960913071,114.50025523849627,7.16628704785133
113.54858558735502,13.096758515451072,1052.9436243958294,218.0135565905991,4.829716283988337
25.26388375175563,18.496225774275587,59.542017022827096,54.40932210682458,1.0943348440534737
20.98744042410974,20.081772630254637,68.59272477761637,83.67663178839923,0.8197357292185597
